hostname,priority,name_native,name_latin,COUNTRY,LANGUAGE,NOTES,,
amazon.com,ban,,,,,
www.amazon.com,ban,,,,,
twitter.com,ban,,,,,
www.twitter.com,ban,,,,,
mobile.twitter.com,ban,,,,,
prezi.com,ban,,,,,
www.prezi.com,ban,,,,,
facebook.com,ban,,,,,
m.facebook.com,ban,,,,,
www.facebook.com,ban,,,,,
instagram.com,ban,,,,,
www.instagram.com,ban,,,,,
scribd.com,ban,,,,,
www.scribd.com,ban,,,,,
twitter.com,ban,,,,,
www.twitter.com,ban,,,,,
i.imgur.com,ban,,,,,
i.redd.it,ban,,,,,
v.redd.it,ban,,,,,
us.reddit.com,ban,,,,,
reddit.com,ban,,,,,
redd.it,ban,,,,,
i.reddituploads.com,ban,,,,,
i.redditmedia.com,ban,,,,,
www.reddit.com,ban,,,,,
old.reddit.com,ban,,,,,
np.reddit.com,ban,,,,,
pinterest.com,ban,,,,,
www.pinterest.com,ban,,,,,
youtube.com,ban,,,,,
m.youtube.com,ban,,,,,
www.youtube.com,ban,,,,,
youtu.be,ban,,,,,
gmail.com,ban,,,,,
www.gmail.com,ban,,,,,
google.com,ban,,,,,
www.google.com,ban,,,,,
google.co.uk,ban,,,,,
wikipedia.org,ban,,,,,
www.wikipedia.org,ban,,,,,
linkedin.com,ban,,,,,
www.linkedin.com,ban,,,,,
archive.org,ban,,,,,
web.archive.org,ban,,,,,
www.archive.org,ban,,,,,
flickr.com,ban,,,,,
www.flickr.com,ban,,,,,
imgur.com,ban,,,,,
www.imgur.com,ban,,,,,
granma.cu,,,,cu,es,news
prensa-latina.cu,,,,cu,es,news
juventudrebelde.cu,,,,cu,es,news
trabajadores.cu,,,,cu,es,news
escambray.cu,,,,cu,es,news
tribuna.cu,,,,cu,es,news
periodico26.cu,,,,cu,es,news
invasor.cu,,,,cu,es,news
guerrillero.cu,,,,cu,es,news
ahora.cu,,,,cu,es,news
ecured.cu,,,,cu,es,news
adelante.cu,,,,cu,es,news
elhabanero.cubaweb.cu,,,,cu,es,news
lademajagua.co.cu,,,,cu,es,news
giron.cu,,,,cu,es,news
venceremos.cu,,,,cu,es,news
sierramaestra.cu,,,,cu,es,news
5septiembre.cu,,,,cu,es,news
havanatimes.org,,,,cu,es,news
www.sueddeutsche.de,,Süddeutsche Zeitung,,de,de,
www.faz.net,,Frankfurter Allgemeine Zeitung,,de,de,
www.welt.de,,Die Welt,,de,de,
www.handelsblatt.com,,Handelsblatt,,de,de,
www.tagesspiegel.de,,Der Tagesspiegel,,de,de,
taz.de,,Die Tageszeitung,,de,de,
www.neues-deutschland.de,,Neues Deutschland,,de,de,
www.jungewelt.de,,Junge Welt,,de,de,
www.zeit.de,,Die Zeit,,de,de,
jungefreiheit.de,,Junge Freiheit,,de,de,
www.freitag.de,,Der Freitag,,de,de,
www.preussische-allgemeine.de,,Preußische Allgemeine Zeitung,,de,de,
www.spiegel.de,high,Der Spiegel,,de,de,
www.stern.de,,Stern ,,de,de,
www.focus.de,,Focus,,de,de,
www.wiwo.de,,Wirtschaftswoche,,de,de,
www.cicero.de,,Cicero ,,de,de,
www.bild.de,,Bild,,de,de,
www.westfalen-blatt.de,,Westfalen-Blatt,,de,de,
www.derwesten.de,,Westfalenpost,,de,de,
www.westfaelische-nachrichten.de,,Westfälische Nachrichten,,de,de,
www.wa.de,,Westfälischer Anzeiger,,de,de,
www.wr.de,,Westfälische Rundschau,,de,de,
www.waz.de,,Westdeutsche Allgemeine Zeitung,,de,de,
www.weser-kurier.de,,Weser-Kurier ,,de,de,
www.volksstimme.de,,Volksstimme,,de,de,
www.az-web.de,,Aachener Zeitung,,de,de,
www.augsburger-allgemeine.de,,Augsburger Allgemeine,,de,de,
www.bnn.de,,Badische Neueste Nachrichten,,de,de,
www.badische-zeitung.de,,Badische Zeitung,,de,de,
www.morgenpost.de,,Berliner Morgenpost,,de,de,
www.berliner-zeitung.de,,Berliner Zeitung,,de,de,
www.braunschweiger-zeitung.de,,Braunschweiger Zeitung,,de,de,
www.freiepresse.de,,Freie Presse,,de,de,
www.fr.de,,Frankfurter Rundschau,,de,de,
www.abendblatt.de,,Hamburger Abendblatt,,de,de,
www.haz.de,,Hannoversche Allgemeine Zeitung,,de,de,
www.hna.de,,Hessische/Niedersächsische Allgemeine,,de,de,
www.ksta.de,,Kölner Stadt-Anzeiger,,de,de,
www.lvz.de,,Leipziger Volkszeitung,,de,de,
www.main-post.de,,Main-Post,,de,de,
www.merkur.de,,Münchner Merkur,,de,de,
www.noz.de,,Neue Osnabrücker Zeitung,,de,de,
www.derwesten.de,,Neue Ruhr Zeitung,,de,de,
www.nw.de,,Neue Westfälische,,de,de,
www.nwzonline.de,,Nordwest-Zeitung,,de,de,
www.pnp.de,,Passauer Neue Presse,,de,de,
rp-online.de,,Rheinische Post,,de,de,
www.rheinpfalz.de,,Die Rheinpfalz,,de,de,
www.rhein-zeitung.de,,Rhein-Zeitung,,de,de,
www.ruhrnachrichten.de,,Ruhr Nachrichten,,de,de,
www.saarbruecker-zeitung.de,,Saarbrücker Zeitung,,de,de,
www.saechsische.de,,Sächsische Zeitung,,de,de,
www.schwaebische.de,,Schwäbische Zeitung,,de,de,
www.schwarzwaelder-bote.de,,Schwarzwälder Bote,,de,de,
www.stuttgarter-zeitung.de,,Stuttgarter Zeitung,,de,de,
www.suedkurier.de,,Südkurier,,de,de,
www.swp.de,,Südwest-Presse,,de,de,
www.thueringer-allgemeine.de,,Thüringer Allgemeine,,de,de,
www.frankfurter-hefte.de,,Neue Gesellschaft/Frankfurter Hefte,,de,de,
zeitschrift-ip.dgap.org,,Internationale Politik,,de,de,
www.ipg-journal.de,,Internationale Politik und Gesellschaft,,de,de,
www.bnr.de,,Blick Nach Rechts,,de,de,
bt.dk,,B.T.,,dk,da,
politiken.dk,,Dagbladet Politiken,,dk,da,
weekendavisen.dk,,Weekendavisen,,dk,da,
jyllands-posten.dk,,Morgenavisen Jyllands-Posten,,dk,da,
berlingske.dk,,Berlingske,,dk,da,
borsen.dk,,Dagbladet Børsen,,dk,da,
kristeligt-dagblad.dk,,Kristeligt Dagblad,,dk,da,
ekstrabladet.dk,,Ekstrabladet,,dk,da,
information.dk,,Dagbladet Information,,dk,da,
cphpost.dk,,The Copenhagen Post,,dk,da,
arbejderen.dk,,Dagbladet Arbejderen,,dk,da,
sondagsavisen.dk,,Søndagsavisen,,dk,da,
ostnyland.fi,,Östra Nyland ,,fi,sv,
hbl.fi,,Hufvudstadsbladet,,fi,sv,
nyan.ax,,Nya Åland ,,fi,sv,
sydin.fi,,Syd-Österbotten,,fi,sv,
vasabladet.fi,,Vasabladet,,fi,sv,
vastranyland.fi,,Västra Nyland,,fi,sv,
m.alandstidningen.ax,,Ålandstidningen ,,fi,sv,
osterbottenstidning.fi,,Österbottens Tidning ,,fi,sv,
www.connexionfrance.com,,The Connexion,,fr,en,
international.la-croix.com,,La Croix,,fr,fr,
www.lesechos.fr,,Les Échos ,,fr,fr,
www.lefigaro.fr,,Le Figaro,,fr,fr,
www.humanite.fr,,L'Humanité,,fr,fr,
www.liberation.fr,,Libération ,,fr,fr,
www.lemonde.fr,high,Le Monde,,fr,fr,
www.lopinion.fr,,L'Opinion,,fr,fr,
www.leparisien.fr,,Le Parisien / Aujourd'hui en France,,fr,fr,
www.francesoir.fr,,France Soir,,fr,fr,
www.mediapart.fr,,Mediapart,,fr,fr,
www.latribune.fr,,La Tribune,,fr,fr,
www.slate.fr,,Slate,,fr,fr,
www.contrepoints.org,,Contrepoints,,fr,fr,
www.challenges.fr,,Challenges,,fr,fr,
www.courrierinternational.com,,Courrier International,,fr,fr,
www.lexpress.fr,,L'Express,,fr,fr,
www.lejdd.fr,,Le Journal du dimanche,,fr,fr,
www.monde-libertaire.fr,high,Le Monde Libertaire,,fr,fr,
www.nouvelobs.com,,L'Obs,,fr,fr,
www.lepoint.fr,,Le Point,,fr,fr,
www.marianne.net,,Marianne,,fr,fr,
www.monde-diplomatique.fr,high,Le Monde Diplomatique,,fr,fr,
www.franceguyane.fr,,France-Guyane,,fr,fr,
www.lecanardenchaine.fr,,Le Canard Enchainé,,fr,fr,
www.20minutes.fr,,20 Minutes,,fr,fr,
www.bienpublic.com,,Le Bien Public,,fr,fr,
www.charentelibre.fr,,Charente Libre,,fr,fr,
www.lalsace.fr,,L'Alsace ,,fr,fr,
www.ledauphine.com,,Le Dauphiné libéré,,fr,fr,
www.corsematin.com,,Corse-Matin,,fr,fr,
www.ladepeche.fr,,La Dépêche du Midi ,,fr,fr,
www.estrepublicain.fr,,L'Est Républicain,,fr,fr,
www.midilibre.fr,,Midi Libre,,fr,fr,
www.lanouvellerepublique.fr,,La Nouvelle République du Centre-Ouest ,,fr,fr,
www.ouest-france.fr,,Ouest France,,fr,fr,
www.leprogres.fr,,Le Progrès,,fr,fr,
www.laprovence.com,,La Provence,,fr,fr,
www.republicain-lorrain.fr,,Le Républicain Lorrain,,fr,fr,
www.sudouest.fr,,Sud-Ouest,,fr,fr,
www.lavoixdunord.fr,,La Voix du Nord,,fr,fr,
lexpansion.lexpress.fr,,L’Expansion,,fr,fr,
www.lejsl.com,,Le Journal de Saône-et-Loire,,fr,fr,
www.letelegramme.fr,,Le Télégramme,,fr,fr,
www.dna.fr,,Les Dernières Nouvelles d’Alsace,,fr,fr,
www.lyoncapitale.fr,,Lyon Capitale,,fr,fr,
www.lunion.fr,,L'Union de Reims,,fr,fr,
www.lamontagne.fr,,La Montagne,,fr,fr,
www.larep.fr,,La République du Centre,,fr,fr,
www.lyonne.fr,,L'Yonne Républicaine,,fr,fr,
www.lepopulaire.fr,,Le Populaire,,fr,fr,
www.lechorepublicain.fr,,L'Écho républicain,,fr,fr,
www.jhm.fr,,Le Journal de la Haute-Marne,,fr,fr,
www.paris-normandie.fr,,Paris-Normandie,,fr,fr,
www.nicematin.com,,nice-matin,,fr,fr,
www.leberry.fr,,Le Berry Républicain,,fr,fr,
www.lejdc.fr,,Le Journal du Centre,,fr,fr,
www.lejdd.fr,,Le Journal du Dimanche,,fr,fr,
www.boursorama.com,,Boursorama,,fr,fr,
www.dordognelibre.fr,,Dordogne Libre,,fr,fr,
www.lapressedelamanche.fr,,La Presse de la Manche,,fr,fr,
www.lest-eclair.fr,,L'Est Eclair,,fr,fr,
actu.fr,,Voix du Jura,,fr,fr,
www.larepubliquedespyrenees.fr,,La Republique des Pyrenees,,fr,fr,
www.leveil.fr,,L'Eveil de La Haute Loire,,fr,fr,
www.cnews.fr,,Cnews Matin,,fr,fr,
actu.fr,,L'Eclaireur,,fr,fr,
www.centrepresseaveyron.fr,,Centre Presse Aveyron,,fr,fr,
tribuca.net,,Tribune Bulletin Cote d'Azur,,fr,fr,
www.nordeclair.fr,,Nord éclair,,fr,fr,
www.lindependant.fr,,Independant,,fr,fr,
www.telerama.fr,,Telerama,,fr,fr,
www.linternaute.com,,L'Internaute,,fr,fr,
www.lci.fr,,LCI.fr,,fr,fr,
www.france24.com,,France 24,,fr,fr,
www.nouvelobs.com,,Rue 89,,fr,fr,
www.alpes-et-midi.fr,,Alpes et Midi‎,,fr,fr,
www.avenir-cotedazur.com,,L'Avenir Cote d'Azur,,fr,fr,
auvergnat.com,,L'Auvergnat de Paris,,fr,fr,
dailynord.fr,,Daily Nord,,fr,fr,
infodujour.fr,,Info du Jour‎,,fr,fr,
www.picardiegazette.fr,,Picardie la Gazette,,fr,fr,
orientaldaily.on.cc,,,Oriental Daily News,hk,,
www.bastillepost.com,,,Bastille Post,hk,,
www.mingpao.com,,,Mingpao,hk,,
www.stheadline.com,,,Headline Daily,hk,,
now.com,,,Now,hk,,
www.wenweipo.com,,,Wen Wei Po,hk,,
www.am730.com.hk,,,Am730,hk,,
www.my-magazine.me,,,My Magazine,hk,,
www.inmediahk.net,,,Immedia HK,hk,,
www.nextdigital.com.hk,,,Next Digital HK,hk,,
www.news.gov.hk,,,HK Government (also in English),hk,,
www.hkcna.hk,,,Hong Kong China News Agency,hk,,
the-sun.on.cc,,,The Sun,hk,,
www.hket.com,,,Hong Kong Economic Times,hk,,
www2.hkej.com,,,Hong Kong Economics Journal,hk,,
www.hkcd.com,,,Hong Kong Commercial Daily,hk,,
www.passiontimes.hk,,,Passion Times,hk,,
www.ftchinese.com,,,Financial Times,hk,,
www.metrodaily.hk,,,Metro Daily,hk,,
www.metroradio.com.hk,,,Metro Broadcast,hk,,
www.takungpao.com.hk,,,Takungpao,hk,,
www.singpao.com.hk,,,Sing Pao Daily News,hk,,
skypost.ulifestyle.com.hk,,,Skypost,hk,,
www.rthk.hk,,,RTHK,hk,,
kkp.catholic.org.hk,,,Kung Kao Po,hk,,
www.wednesdayjournal.net,,,Wednesday Journal,hk,,
www.krt.com.hk,,,Kingdom Revival Times,hk,,
std.stheadline.com,,,Sing Tao Daily,hk,,
hk01.com,,,HK 01,hk,,
www.ucanews.com,,,Union of Catholic Asian News,hk,,
www.factwire.org,,,FactWire,hk,,
the-japan-news.com,,,The Japan Times ,jp,en,Nationwide
www.asahi.com,,朝日新聞東京本社 ,The Asahi Shimbun ,jp,ja,Nationwide
mainichi.jp,,毎日新聞東京本社,The Mainichi,jp,ja,Nationwide
www.yomiuri.co.jp,,読売新聞東京本社,Yomiuri Shimbun,jp,ja,Nationwide
www.nikkei.com,,日本経済新聞社,Nikkei Asian Review,jp,ja,Nationwide
www.tokyo-np.co.jp,,東京新聞,The Tokyo Shimbun,jp,ja,Nationwide
www.sankei.com,,産経新聞東京本社,The Sankei Shimbun,jp,ja,Nationwide
www.japantimes.co.jp,,ジャパンタイムズ,The Japan Times ,jp,ja,Nationwide
www.hochi.co.jp,,報知新聞社,The Hochi Shimbun,jp,ja,Nationwide
www.jcp.or.jp,,赤旗,Akahata,jp,ja,Nationwide
www.komei.or.jp,,公明新聞,Komei Shimbun,jp,ja,Nationwide
www.nikkan.co.jp,,日刊工業新聞社,Nikkan Kogyo Shimbun,jp,ja,Nationwide
www.sankeibiz.jp,,日本工業新聞社,Nippon Kogyo Shimbun,jp,ja,Nationwide
www.kyodonews.jp,,共同通信社,Kyodo News ,jp,ja,Nationwide
www.jiji.com,,時事通信社,Jiji Press,jp,ja,Nationwide
www.np-net.co.jp,,エヌピー通信社,NP News Agency,jp,ja,Nationwide
www.nhk.or.jp,,日本放送協会,NHK World – Japan ,jp,ja,Nationwide
www.tbs.co.jp,,TBSテレビ,Tokyo Brodcasting Systems Television,jp,ja,Nationwide
www.joqr.co.jp,,文化放送,Nippon Cultural Broadcasting,jp,ja,Nationwide
www.jolf.co.jp,,ニッポン放送,Nippon Broadcasting System,jp,ja,Nationwide
www.ntv.co.jp,,日本テレビ放送網,Nippon Television Network,jp,ja,Nationwide
www.fujitv.co.jp,,フジテレビジョン,Fuji Television Network,jp,ja,Nationwide
www.tv-asahi.co.jp,,テレビ朝日,TV Asahi,jp,ja,Nationwide
www.tv-tokyo.co.jp,,テレビ東京,TV Tokyo,jp,ja,Nationwide
www.tfm.co.jp,,エフエム東京,Tokyo FM Broadcasting,jp,ja,Nationwide
mxtv.co.jp,,東京メトロポリタンテレビジョン,Tokyo Metropolitan Television Broadcasting ,jp,ja,Nationwide
www.wowow.co.jp,,WOWOW,Wowow Inc,jp,ja,Nationwide
www.bs11.jp,,日本BS放送,Nippon BS Broadcasting  ,jp,ja,Nationwide
www.asahi.co.jp,,朝日放送テレビ,ABC TV ,jp,ja,Kansai
www.mbs.jp,,毎日放送,Mainichi Broadcasting System,jp,ja,Kansai
www.ktv.jp,,関西テレビ放送,Kansai Television,jp,ja,Kansai
www.ytv.co.jp,,読売テレビ放送,Yomiuri Telecasting,jp,ja,Kansai
www.tv-osaka.co.jp,,テレビ大阪,Television Osaka,jp,ja,Kansai
www.hokkaido-np.co.jp,,北海道新聞社,The Hokkaido Shimbun Press,jp,ja,Hokkaido
www.muromin.co.jp,,室蘭民報社,Muroran Mumpo,jp,ja,Hokkaido
www.tokachi.co.jp,,十勝毎日新聞社,Tokachi Mainichi Newspaper,jp,ja,Hokkaido
www.news-kushiro.co.jp,,釧路新聞社,Kushiro Shimbun,jp,ja,Hokkaido
www.tomamin.co.jp,,苫小牧民報社,The Tomakomai Mimpo,jp,ja,Hokkaido
digital.hakoshin.jp,,函館新聞社,Hakodate Shimbun,jp,ja,Hokkaido
www.toonippo.co.jp,,東奥日報社,The To-o Nippo Press,jp,ja,Tohoku
www.mutusinpou.co.jp,,陸奥新報社,Mutushimpo,jp,ja,Tohoku
www.daily-tohoku.news,,デーリー東北新聞社,Daily Tohoku Shimbun,jp,ja,Tohoku
www.iwate-np.co.jp,,岩手日報社,Iwate Nippo,jp,ja,Tohoku
www.iwanichi.co.jp,,岩手日日新聞社,Iwate Nichinichi Shimbun,jp,ja,Tohoku
www.kahoku.co.jp,,河北新報社,Kahoku Shimpo,jp,ja,Tohoku
www.sakigake.jp,,秋田魁新報社,Akita Sakigake Shimpo,jp,ja,Tohoku
www.hokuu.co.jp,,北羽新報社,Hokuu Shimpo,jp,ja,Tohoku
yamagata-np.jp,,山形新聞社,Yamagata Shimbun,jp,ja,Tohoku
www.shonai-nippo.co.jp,,荘内日報社,The Shonai Nippo,jp,ja,Tohoku
www.yoneshin.com,,米澤新聞社,Yonezawa Shimbun,jp,ja,Tohoku
www.minpo.jp,,福島民報社,Fukushima Mimpo,jp,ja,Tohoku
www.minyu-net.com,,福島民友新聞社,The Fukushima Minyu Shimbun,jp,ja,Tohoku
www.iwaki-minpo.co.jp,,いわき民報社,Iwaki Mimpo,jp,ja,Tohoku
ibarakinews.jp,,茨城新聞社,The Ibaraki Shimbun,jp,ja,Kanto
www.shimotsuke.co.jp,,下野新聞社,Shimotsuke Shimbun,jp,ja,Kanto
www.raijin.com,,上毛新聞社,Jomo Shimbun,jp,ja,Kanto
www.saitama-np.co.jp,,埼玉新聞社,Saitama Shimbun,jp,ja,Kanto
www.kanaloco.jp,,神奈川新聞社,Kanagawa Shimbun,jp,ja,Kanto
www.chibanippo.co.jp,,千葉日報社,Chiba Nippo,jp,ja,Kanto
www.kanaloco.jp,,静岡新聞社,The Shizuoka Shimbun and Broadcasting,jp,ja,Chubu
www.shinmai.co.jp,,信濃毎日新聞社,The Shinano Mainichi Shimbun,jp,ja,Chubu
www.nagano-np.co.jp,,長野日報社,The Nagano Nippo,jp,ja,Chubu
minamishinshu.jp,,南信州新聞社,Minamishinshu Newspaper,jp,ja,Chubu
www.shimintimes.co.jp,,市民タイムス,Shimin Times,jp,ja,Chubu
www.chunichi.co.jp,,中日新聞社,The Chunichi Shimbun,jp,ja,Chubu
www.chukei-news.co.jp,,中部経済新聞社,Chuubu Keizai Shimbun ,jp,ja,Chubu
www.higashiaichi.co.jp,,東愛知新聞社,Higashiaichi Shimbun,jp,ja,Chubu
www.gifu-np.co.jp,,岐阜新聞社,Gifu Shimbun,jp,ja,Chubu
www.hicbc.com,,CBCテレビ,Chubu-Nippon Broadcasting,jp,ja,Chubu
tokai-tv.com,,東海テレビ放送,Tokai Television Broadcasting,jp,ja,Chubu
www.nagoyatv.com,,名古屋テレビ放送,Nagoya Broadcasting Network,jp,ja,Chubu
www.tv-aichi.co.jp,,テレビ愛知,Aichi Television Broadcasting,jp,ja,Chubu
www.ctv.co.jp,,中京テレビ放送,Chukyo Television Broadcasting,jp,ja,Chubu
www.niigata-nippo.co.jp,,新潟日報社,The Niigata Nippo,jp,ja,Hokiruku
webun.jp,,北日本新聞社,The Kitanippon Shimbun,jp,ja,Hokiruku
www.hokkoku.co.jp,,北國新聞社,The Hokkoku Shimbun,jp,ja,Hokiruku
www.fukuishimbun.co.jp,,福井新聞社,Fukui Shimbun,jp,ja,Hokiruku
www.isenp.co.jp,,伊勢新聞社,The Ise Shimbun,jp,ja,Kinki
www.yukanmie.com,,夕刊三重新聞社,Yukan Mie,jp,ja,Kinki
www.kyoto-np.co.jp,,京都新聞社,The Kyoto Shimbun,jp,ja,Kinki
www.kobe-np.co.jp,,神戸新聞社,The Kobe Shimbun,jp,ja,Kinki
www.nara-np.co.jp,,奈良新聞社,Nara Newspaper,jp,ja,Kinki
www.agara.co.jp,,紀伊民報社,Kii Mimpo,jp,ja,Kinki
www.sanyonews.jp,,山陽新聞社,The Sanyo Shimbun,jp,ja,Chugoku
www.chugoku-np.co.jp,,中国新聞社,The Chugoku Shimbun,jp,ja,Chugoku
www.nnn.co.jp,,新日本海新聞社,The Shin Nihonkai Shimbun,jp,ja,Chugoku
www.sanin-chuo.co.jp,,山陰中央新報社,The San-in Chuo Shimpo,jp,ja,Chugoku
www.shimanenichinichi.co.jp,,島根日日新聞社,Shimane Nichinichi Shimbun,jp,ja,Chugoku
www.minato-yamaguchi.co.jp,,山口新聞社,The Yamaguchi Shimbun,jp,ja,Chugoku
ubenippo.co.jp,,宇部日報社,Ube Nippo,jp,ja,Chugoku
www.topics.or.jp,,徳島新聞社,The Tokushima Shimbun,jp,ja,Shikoku
www.shikoku-np.co.jp,,四国新聞社,The Shikoku Shimbun,jp,ja,Shikoku
www.ehime-np.co.jp,,愛媛新聞社,The Ehime Shimbun,jp,ja,Shikoku
www.kochinews.co.jp,,高知新聞社,The Kochi Shimbun,jp,ja,Shikoku
www.nishinippon.co.jp,,西日本新聞社,The Nishinippon Shimbun,jp,ja,Kyuushu
www.saga-s.co.jp,,佐賀新聞社,Saga Shimbun,jp,ja,Kyuushu
www.nagasaki-np.co.jp,,長崎新聞社,Nagasaki Shimbun,jp,ja,Kyuushu
kumanichi.com,,熊本日日新聞社,Kumamoto Nichinichi Shimbun,jp,ja,Kyuushu
www.oita-press.co.jp,,大分合同新聞社,Oita Godo News,jp,ja,Kyuushu
www.the-miyanichi.co.jp,,宮崎日日新聞社,Miyazaki Nichinichi Shimbun,jp,ja,Kyuushu
www.yukan-daily.co.jp,,夕刊デイリー新聞社,Yukan Daily,jp,ja,Kyuushu
373news.com,,南日本新聞社,Minami Nippon Shimbun,jp,ja,Kyuushu
www.nankainn.com,,南海日日新聞社,Nankai Nichinichi Shimbun,jp,ja,Kyuushu
www.okinawatimes.co.jp,,沖縄タイムス社,The Okinawa Times,jp,ja,Kyuushu
ryukyushimpo.jp,,琉球新報社,The Ryukyu Shimpo,jp,ja,Kyuushu
www.y-mainichi.co.jp,,八重山毎日新聞,Yaeyama Mainichi Shimbun,jp,ja,Kyuushu
www.miyakomainichi.com,,宮古毎日新聞社,Miyako Mainichi Shimbun,jp,ja,Kyuushu
news.yahoo.co.jp,,Yahoo News,Yahoo News (Japan),jp,ja,Internet
www.msn.com,,MSN News,MSN News (Japan),jp,ja,Internet
toyokeizai.net,,東洋経済オンライン,Toyo Keizai Online ,jp,ja,Internet
diamond.jp,,ダイアモンドオンライン,Diamond Online,jp,ja,Internet
www.gaiko-web.jp,,外交,Gaiko (International Affairs),jp,ja,Journal
www2.jiia.or.jp,,国際問題,,jp,ja,Journal
www.jetro.go.jp,,ビジネス短信,Business Tanshin,jp,ja,Journal
www.idj.co.jp,,国際協力ジャーナル,Kokusai Kyouryoku,jp,ja,Journal
www.southkoreanews.net,,,South Korea News,kr,en,
www.hankooki.com,,한국아이,HankookI,kr,ko,
www.hani.co.kr,,한교레,Hankyoreh,kr,ko,
www.donga.com,,동아,dongA,kr,ko,
www.chosun.com,,조선일보,Chosun Ilbo,kr,ko,
www.hankookilbo.com,,한국일보,The Korea Times,kr,ko,
www.khan.co.kr,,경항신문,Gyunghan Newspaper,kr,ko,
www.ohmynews.com,,오마이뉴스,OhmyNews,kr,ko,
www.munhwa.com,,문화일보,Munhwa,kr,ko,
www.seoul.co.kr,,서울신분,Seoul Newspaper,kr,ko,
www.yna.co.kr,,연합뉴스,Yunhab News,kr,ko,
www.mk.co.kr,,매일경제,Maeil Economy,kr,ko,
www.hankyung.com,,한국경제,Hankyung,kr,ko,
www.sedaily.com,,서울경제,Seoul Daily,kr,ko,
www.mt.co.kr,,머니투데이,Money Today,kr,ko,
www.etnews.com,,전자신문,ET News,kr,ko,
www.nocutnews.co.kr,,노컷뉴스,No Cut News,kr,ko,
www.segye.com,,세계일보,Segye,kr,ko,
www.ytn.co.kr,,,YTN,kr,ko,
www.koreadaily.com,,중앙일보,The Korea Daily,kr,ko,
www.mediatoday.co.kr,,미디아 오늘,Media Today,kr,ko,
www.viewsnnews.com,,새상을보는다른눈,Views and News,kr,ko,
www.kmib.co.kr,,국민일보,Kookmin Ilbo,kr,ko,
www.pressian.com,,프레시안,Pressian,kr,ko,
www.newsis.com,,뉴시스,Newsis,kr,ko,
www.busan.com,,부산일보,Busan Ilbo,kr,ko,
dkbnews.donga.com,,도깨비뉴스,Dokkaebi News,kr,ko,
www.dispatch.co.kr,,,Dispatch,kr,ko,
www.edaily.co.kr,,이데일리,EDaily,kr,ko,
biz.heraldcorp.com,,해럴드경제,Herald Economy,kr,ko,
www.asiae.co.kr,,아시아경제,Asia Economy,kr,ko,
www.dt.co.kr,,디지털타임스,Digital Times,kr,ko,
www.fnnews.com,,파이낸설뉴스,Financial News,kr,ko,
www.vop.co.kr,,민중의소리,Voice of the People,kr,ko,
media.daum.net,,,Daum News,kr,ko,
news.jtbc.joins.com,,,JTBC News,kr,ko,
www.knnews.co.kr,,경남뉴스,Kyungnam News,kr,ko,
www.kookje.co.kr,,국제신문,Kookje,kr,ko,
news.imaeil.com,,매일신문,Maeil Shinmun,kr,ko,
www.newsnjoy.or.kr,,뉴스앤조이,News and Joy,kr,ko,
ilyo.co.kr,,일요신문,Ilyo,kr,ko,
www.yeongnam.com,,영남일보,Yeongnam Ilbo,kr,ko,
www.huffingtonpost.kr,,,Huffington Post,kr,ko,
mbn.mk.co.kr,,,MBN News,kr,ko,
www.pennmike.com,,펜엔드마이크,Pen and Mike,kr,ko,
www.newdaily.co.kr,,,NewDaily,kr,ko,
news.naver.com,,네이버,Naver,kr,ko,
world.kbs.co.kr,,,KBS World Radio,kr,ko,
news.kbs.co.kr,,,KBS News,kr,ko,
www.knn.co.kr,,,KNN,kr,ko,
biznews.com.mx,,,,mx,es,news
eluniversal.com.mx,,,,mx,es,news
reforma.com,,,,mx,es,news
jornada.com.mx,,,,mx,es,news
yucatan.com.mx,,,,mx,es,news
debate.com.mx,,,,mx,es,news
cronica.com.mx,,,,mx,es,news
economista.com.mx,,,,mx,es,news
unamasuno.com.mx,,,,mx,es,news
poresto.net,,,,mx,es,news
record.com.mx,,,,mx,es,news
la-prensa.com.mx,,,,mx,es,news
razon.com.mx,,,,mx,es,news
tradewindsnews.com,,TradeWinds,,no,en,
upstreamonline.com,,Upstream,,no,en,
vg.no,,VG,,no,no,
aftenposten.no,,Aftenposten,,no,no,
dagbladet.no,,Dagbladet,,no,no,
bt.no,,Bergens Tidende,,no,no,
bondebladet.no,,Bondebladet,,no,no,
dn.no,,Dagens Næringsliv,,no,no,
adressa.no,,"Adresseavisen (""Adressa"")",,no,no,
ostkantavisa.no,,Østkantavisa,,no,no,
aftenbladet.no,,Stavanger Aftenblad,,no,no,
fvn.no,,Fædrelandsvennen,,no,no,
dt.no,,Drammens Tidende,,no,no,
rb.no,,Romerikes Blad,,no,no,
smp.no,,Sunnmørsposten,,no,no,
tb.no,,Tønsbergs Blad,,no,no,
dagsavisen.no,,Dagsavisen,,no,no,
budstikka.no,,Budstikka,,no,no,
ba.no,,Bergensavisen,,no,no,
oa.no,,Oppland Arbeiderblad,,no,no,
vl.no,,Vårt Land,,no,no,
an.no,,Avisa Nordland,,no,no,
f-b.no,,Fredriksstad Blad,,no,no,
agderposten.no,,Agderposten,,no,no,
t-a.no,,Trønder-Avisa,,no,no,
ta.no,,Telemarksavisa,,no,no,
glomdalen.no,,Glåmdalen,,no,no,
rbnett.no,,Romsdals Budstikke,,no,no,
tk.no,,Tidens Krav,,no,no,
sa.no,,Sarpsborg Arbeiderblad,,no,no,
klassekampen.no,,Klassekampen,,no,no,
itromso.no,,Bladet Tromsø,,no,no,
dagen.no,,Dagen,,no,no,
ranablad.no,,Rana Blad,,no,no,
sognavis.no,,Sogn Avis,,no,no,
dagogtid.no,,Dag og Tid,,no,no,
larepublica.pe,,La República,,pe,es,
www.losandes.com.pe,,Los Andes,,pe,es,
elbocon.pe,,El Bocón,,pe,es,
elchino.pe,,EL Chino,,pe,es,
elcomercio.pe,high,El Comercio,,pe,es,
peru21.pe,ban,Perú 21,,pe,es,
diariocorreo.pe,,Diario Correo,,pe,es,
diariodelcusco.pe,,El Diario del Cusco,,pe,es,
www.expreso.com.pe,,Expreso,,pe,es,
www.extra.com.pe,,Extra,,pe,es,
gestion.pe,,Gestión,,pe,es,
www.laindustria.pe,,La Industria (Trujillo),,pe,es,
www.laindustriadechiclayo.pe,,La Industria - El Gran Diario del norte (Chiclayo),,pe,es,
www.lanacionperu.com,,La Nación,,pe,es,
ojo.pe,,Ojo,,pe,es,
elperuano.pe,high,El Peruano,,pe,es,
www.elpopular.pe,,El Popular,,pe,es,
www.laprimera.pe,,La Primera,,pe,es,
larazon.pe,,La Razón,,pe,es,
eltiempo.pe,,El Tiempo,,pe,es,
www.tribuna.pe,,La Tribuna,,pe,es,
rpp.pe,,RPP,,pe,es,
dn.se,,Dagens Nyheter,,se,sv,
di.se,,Dagens Industri,,se,sv,
gp.se,,Göteborgs-Posten ,,se,sv,
svd.se,,Svenska Dagbladet,,se,sv,
allehanda.se,,Allehanda,,se,sv, (large newspaper with several small local areas represented)
dt.se,,Dalarnas Tidningar,,se,sv, (larger grouping of local communities)
arbetarbladet.se,,Arbetarbladet,,se,sv,
sydsvenskan.se,,Sydsvenskan,,se,sv,
dagen.se,,Dagen,,se,sv,
aftonbladet.se,,Aftonbladet,,se,sv,
expressen.se,,Expressen,,se,sv,
metro.se,,Metro,,se,sv,
hd.se,,Helsingborgs Dagblad,,se,sv,
na.se,,Nerikes Allehanda (NA),,se,sv,
nsd.se,,Norrländska Socialdemokraten (NSD),,se,sv,
nwt.se,,Nya Wermlands-Tidningen (NWT),,se,sv,
ttela.se,,TTELA,,se,sv,
vk.se,,Vasterbottens-Kuriren,,se,sv,
corren.se,,Östgöta Correspondenten,,se,sv,
folkbladet.nu,,Folkbladet,,se,sv,
dalademokraten.se,,Dala-Demokraten,,se,sv,
bt.se,,Borås Tidning,,se,sv,
hallandsposten.se,,Hallandsposten,,se,sv,
hn.se,,Hallands Nyheter,,se,sv,
helahalsingland.se,,Helahälsingland,,se,sv,
barometern.se,,Barometern,,se,sv,
bohuslaningen.se,,Bohusläningen ,,se,sv,
gd.se,,Gefle Dagblad ,,se,sv,
helagotland.se,,Gotlands Tidningar,,se,sv,
jp.se,,Jönköpings-Posten,,se,sv,
kt.se,,Karlstads-Tidningen ,,se,sv,
kristianstadsbladet.se,,Kristianstadsbladet,,se,sv,
skd.se,,Skånska Dagbladet ,,se,sv,
nsk.se,,Norra Skåne ,,se,sv,
norran.se,,Norra Västerbotten ,,se,sv,
kuriren.nu,,Norrbottens-Kuriren ,,se,sv,
ostrasmaland.se,,Östra Småland ,,se,sv,
op.se,,Östersunds-Posten,,se,sv,
vt.se,,Västerviks-Tidningen,,se,sv,
vf.se,,Värmlands Folkblad ,,se,sv,
vlt.se,,Vestmanlands Läns Tidning ,,se,sv,
unt.se,,Upsala Nya Tidning ,,se,sv,
st.nu,,Sundsvalls Tidning,,se,sv,
nt.se,,Norrköpings Tidningar ,,se,sv,
smp.se,,Smålandsposten ,,se,sv,
www.theasianbanker.com,,The Asian Banker ,,sg,en,
www.asianscientist.com,,Asian Scientist ,,sg,en,
todayonline.com,,Today,,sg,en,
asia.nikkei.com,,The Business Times of Singapore,,sg,en,
www.tnp.sg,,The New Paper ,,sg,en,
www.tabla.com.sg,,tabla! ,,sg,en,
www.singapore-herald.com,,Singapore Herald,,sg,en,
www.nst.com.my,,New Straits Times,,sg,en,
www.todayonline.com,,Today ,,sg,en,
www.asiaone.com,,AsianOne,,sg,en,
weekender.com.sg,,Weekender ,,sg,en,
www.channelnewsasia.com,,Channel News Asia,,sg,en,
www.businesstimes.com.sg,,The Bussiness Times ,,sg,en,
www.msn.com,,MSN News In Singapore ,,sg,en,
sg.news.yahoo.com,,Yahoo News In Singapore ,,sg,en,
stomp.straitstimes.com,,STOMP,,sg,en,
theindependent.sg,,The Independent Singapore ,,sg,en,
www.beritaharian.sg,,Berita Harian,Berita Harian,sg,ms,
www.pravasiexpress.com,,Pravasi Express,,sg,ms,
www.tamilmurasu.com.sg,,Tamil Murasu,,sg,ta,
www.zaobao.com.sg,,早报,Zaobao,sg,zh,
www.wanbao.com.sg,,联合晚报,Lianhe Wanbao,sg,zh,
www.enanyang.my,,南洋商报,Nanyang Siang Pau,sg,zh,
www.sinchew.com.my,,星洲日报,Sin Chew Jit Poh,sg,zh,
www.straitstimes.com,,The Straits Times ,,sg,,
www.shinmin.sg,,新民日报,Shin Min Daily News,sg,,
tw.appledaily.com,,,Apple Daily,tw,,
www.chinatimes.com,,,China Times,tw,,
www.ltn.com.tw,,,Liberty Times,tw,,
udn.com,,,United Daily News,tw,,
www.cna.com.tw,,,Central News Agency (also in English),tw,,
www.thenewslens.com,,,The News Lens (also in English),tw,,
www.mdnkids.com,,,Mandarin Daily News,tw,,
www.kmdn.gov.tw,,,Kinmen Daily News ,tw,,
www.matsu-news.gov.tw,,,Matsu Daily News ,tw,,
www.taiwandaily.net,,,Taiwan Daily,tw,,
www.storm.mg,,,The Storm Media ,tw,,
www.upmedia.mg,,,Up Media,tw,,
www.ettoday.net,,,ET Today (more like online news site),tw,,
www.nownews.com,,,Now News,tw,,
www.setn.com,,,SETN News,tw,,
talk.tw,,,Talk News,tw,,
www.cnyes.com,,,Anue,tw,,
newtalk.tw,,,New Talk,tw,,
www.peoplenews.tw,,,Taiwan People News,tw,,
www.digitimes.com.tw,,,Digi Times (also in English),tw,,
ctee.com.tw,,,Commercial Times,tw,,
www.ydn.com.tw,,,Youth Daily News ,tw,,
www.merit-times.com.tw,,,The Merit Times,tw,,
www.cdns.com.tw,,,China Daily News,tw,,
www.tssdnews.com.tw,,,Taiwan Shin Sheng Daily News,tw,,
www.ksnews.com.tw,,,Keng Sheng Daily News ,tw,,
www.penghutimes.com,,,Penghu Times,tw,,
www.mypeople.tw,,,My People,tw,,
www.idn.com.tw,,,Independence Evening Post,tw,,
www.cw.com.tw,,,CommonWealth,tw,,
www.taiwannews.com.tw,,,Taiwan News ,tw,,
www.rti.org.tw,,,Radio Taiwan International,tw,,
www.gov.taipei,,,Taipei City Government ,tw,,
www.taiwan-panorama.com,,,Taiwan Panorama,tw,,
economist.com,high,,,uk,en,news
theguardian.co.uk,high,,,uk,en,news
independent.co.uk,high,,,uk,en,news
bbc.com,,,,uk,en,news
nknews.org,,,,us,en,domain
cnn.com,high,,,us,en,news
wsj.com,,,,us,en,news
usatoday.com,,,,us,en,news
latimes.com,high,,,us,en,news
nytimes.com,high,,,us,en,news
chron.com,,,,us,en,news
chicagotribune.com,,,,us,en,news
tampabay.com,,,,us,en,news
washingtonpost.com,high,,,us,en,news
newsday.com,,,,us,en,news
nypost.com,,,,us,en,news
dallasnews.com,,,,us,en,news
nydailynews.com,,,,us,en,news
denverpost.com,,,,us,en,news
bostonglobe.com,,,,us,en,news
seattlenews.com,,,,us,en,news
usnews.com,,,,us,en,news
time.com,,,,us,en,news
foxnews.com,,,,us,en,news
politico.com,,,,us,en,news
foreignpolicy.com,,,,us,en,specialist
thediplomat.com,,,,us,en,specialist
huffpost.com,,,,us,en,news
theconversation.com,,,,us,en,blog
npr.org,,,,us,en,news
chinafocus.com,,,,us,en,specialist
nbcnews.com,,,,us,en,news
northkoreatech.org,,,,us,en,domain
38north.org,,,,us,en,domain
armscontrolwonk.com,,,,us,en,domain
northkoreatech.org,,,,us,en,domain
sinonk.com,,,,,en,domain
pust.co,,,,,en,static
pyongyanginternationalfilmfestival.com,,,,,,
pyongyangmarathon.com,,,,,,
koryogroup.com,,,,,,
uriminzokkiri.com,,,,,,
dprktoday.com,,,,,,
chosonsinbo.com,,,,,,
pyongyang.news-site.net,,,,,,
minjok.com,,,,,,
dprkmedia.com,,,,,,
kcnawatch.co,,,,,,
dprk360.com,,,,,,
mansudaeartstudio.com,,,,,,
koreanposters.com,,,,,,
north-korea-books.com,,,,,,
dprk-book.com,,,,,,
tptloffice.com,,,,,,
pyeonghwamotors.com,,,,,,
pyongsu.com,,,,,,
orascomtelecom.com,,,,,,
phoenixcommercialventures.eu,,,,,,
kns-photo.com,,,,,,
koryogroup.com,,,,,,
ryugyongclip.com,,,,,,
ryomyong.com,,,,,,
kcc-europe.de,,,,,,
krfair.com,,,,,,
ournation-school.com,,,,,,
chongryon.com,,,,,,
kcna.co.jp,,,,,,
korea-publ.com,,,,,,
eba.nosotek.com,,,,,,
digitalnk.com,,,,,,
nkeconwatch.com,,,,,,
nkleadershipwatch.org,,,,,,
korea-dpr.com,,,,,,
kfausa.org,,,,,,
kfachile.blogspot.com,,,,,,
kfachile.cl,,,,,,
kfaeuskalherria.wordpress.com,,,,,,
italiacoreapopolare.wordpress.com,,,,,,
kfa-bolivia.blogspot.com,,,,,,
jucheireland.wordpress.com,,,,,,
kfa-paisvalenciano.blogspot.com,,,,,,
infocoreia.blogspot.com,,,,,,
chongryon.com,,,,,,
onecoreanetwork.blogspot.com,,,,,,
korelcfund.org.kp,,,,,,
northkoreanreview.net,,,,,,
youngpioneertours.com,,,,,,
visitthedprk.org,,,,,,
hotelnorthkorea.com,,,,,,
koreakonsult.com,,,,,,
freekorea.us,,,,,,
nkmillennials.com,,,,,,
libertyinnorthkorea.org,,,,,,
juche.v.wol.ne.jp,,,,,,
ncnk.org,,,,,,
mynorthkorea.blogspot.com,,,,,,
uritours.com,,,,,,
kimjongunlookingatthings.tumblr.com,,,,,,
gowans.wordpress.com,,,,,,
tongiltours.com,,,,,,
chosonexchange.org,,,,,,
crossingbordersnk.org,,,,,,
hrnkinsider.org,,,,,,
communistkorea.tumblr.com,,,,,,
appgnk.org,,,,,,
northkoreafootball.blogspot.com,,,,,,
friendsofkorea.blogspot.com,,,,,,
juche007-anglo-peopleskoreafriendship.blogspot.com,,,,,,
committeeforreleaseofvicechairman.blogspot.com,,,,,,
rcpbml.org.uk,,,,,,
koryogroup.com,,,,,,
nkfreedom.org,,,,,,
helpinghandskorea.org,,,,,,
isr2020.org,,,,,,
northkoreanrefugees.com,,,,,,
teachnorthkoreanrefugees.org,,,,,,
lovenkchildren.org,,,,,,
eahrnk.org,,,,,,
connectnorthkorea.org,,,,,,
koreafuture.org,,,,,,
firststepscanada.org,,,,,,
connectnorthkorea.org,,,,,,
ploughshares.org,,,,,,
yinks.or.kr,,,,,,
unikorea.go.kr,,,,,,
hss.or.kr,,,,,,
dongposarang.or.kr,,,,,,
leader.ne.kr,,,,,,
nkwomen.org,,,,,,
aiesec.or.kr,,,,,,
dailynk.com,,,,,,
kinu.or.kr,,,,,,
pscore.org,,,,,,
nkfreedom.org,,,,,,
fnkradio.com,,,,,,
nkplf.com,,,,,,
nk.ac.kr,,,,,,
mansudae-korea.com,,,,,,
thepeninsulareport.com,,,,,,
thebulletin.org,,,,,,
intakt-reisen.de,,,,,,
piie.com,,,,,,
asiapress.org,,,,,,
rfa.org,,,,,,
brookings.edu,,,,,,
wilsoncenter.org,,,,,,
hrf.org,,,,,,
nti.org,,,,,,
fas.org,,,,,,
cafe.daum.net,,,,,,
nonproliferation.org,,,,,,
club.cyworld.com,,,,,,
www.juancole.com,,,,,,
www.strategypage.com,,,,,,
russianforces.org,,,,,,
www.nukestrat.com,,,,,,
armscontrollaw.com,,,,,,
www.reachingcriticalwill.org,,,,,,
acronym.org.uk,,,,,,
www.wagingpeace.org,,,,,,
www.atomicarchive.com,,,,,,
www.armscontrol.org,,,,,,
www.isis-online.org,,,,,,
lcnp.org,,,,,,
www.middlepowers.org,,,,,,
livableworld.org,,,,,,
www.abolition2000.org,,,,,,
partnershipforglobalsecurity.org,,,,,,
www.ctbto.org,,,,,,
www.npolicy.org,,,,,,
www.kedo.org,,,,,,
www.peacecoalition.org,,,,,,
www.fourthfreedomforum.org,,,,,,
borgenproject.org,,,,,,
www.iiss.org,,,,,,
nationalinterest.org,,,,,,
foreignpolicyblogs.com,,,,,,
www.pri.org,,,,,,
www.aei.org,,,,,,
www.cfr.org,,,,,,
discovermagazine.com,,,,,,
icsin.org,,,,,,
blogs.state.gov,,,,,,
www.lawac.org,,,,,,
frcblog.com,,,,,,
asiansecurityblog.wordpress.com,,,,,,
allthingsnuclear.org,,,,,,
blogs.fco.gov.uk,,,,,,
www.atlanticcouncil.org,,,,,,
www.north-korea-travel.com,,,,,,
www.globaltradelawblog.com,,,,,,
www.insider.com,,,,,,
www.nkhiddengulag.org,,,,,,
blogs.prio.org,,,,,,
www.charlotteobserver.com,,,,,,
www.voanews.com,,,,,,
www.politifact.com,,,,,,
blogs.scientificamerican.com,,,,,,
www.nbcdfw.com,,,,,,
www-1.kansas.com,,,,,,
news.gallup.com,,,,,,
www.cjr.org,,,,,,
www.cybereason.com,,,,,,
www.amnesty.org.uk,,,,,,
www.sunherald.com,,,,,,
www.journalgazette.net,,,,,,
www.miamiherald.com,,,,,,
www.smithjournal.com.au,,,,,,
blogs.sas.com,,,,,,
agi.com,,,,,,
blog.nuclearsecrecy.com,,,,,,
www.cracked.com,,,,,,
blogs.nature.com,,,,,,
www.thegospelcoalition.org,,,,,,
blogs.loc.gov,,,,,,
www.timesofisrael.com,,,,,,
cpj.org,,,,,,
www.jpost.com,,,,,,
www.opendoors.org.au,,,,,,
kfgo.com,,,,,,
www.allgov.com,,,,,,
www.swp-berlin.org,,,,,,
www.ucsusa.org,,,,,,
www.militarytimes.com,,,,,,
www.navytimes.com,,,,,,
mynorthkorea.blogspot.com,,,,,,
www.buzzfeed.com,,,,,,
www.thejournal.ie,,,,,,
gowans.wordpress.com,,,,,,
appgnk.org,,,,,,
smallwarsjournal.com,,,,,,
radioopensource.org,,,,,,
www.usip.org,,,,,,
www.belfercenter.org,,,,,,
www.pewresearch.org,,,,,,
koryogroup.com,,,,,,
asiasociety.org,,,,,,
www.politico.eu,,,,,,
worldview.stratfor.com,,,,,,
www.thechicagocouncil.org,,,,,,
www.everycrsreport.com,,,,,,
www.voanews.com,,,,,,
apnews.com,,,,,,
www.americanprogress.org,,,,,,
www.idahostatesman.com,,,,,,
blogs.scientificamerican.com,,,,,,
www.lawfareblog.com,,,,,,
www.afcea.org,,,,,,
trumancenter.org,,,,,,
www.cato.org,,,,,,
www.fireeye.com,,,,,,
www.americansecurityproject.org,,,,,,
ktar.com,,,,,,
www.aspeninstitute.org,,,,,,
www.sfgate.com,,,,,,
www.timescolonist.com,,,,,,
bulgarianmilitary.com,,,,,,
www.mercedsunstar.com,,,,,,
www.armytimes.com,,,,,,
militarywatchmagazine.com,,,,,,
www.modernwarinstitute.org,,,,,,
www.thestrategybridge.com,,,,,,
taskandpurpose.com,,,,,,
angrystaffofficer.com,,,,,,
fromthegreennotebook.wordpress.com,,,,,,
militarywritersguild.org,,,,,,
warontherocks.com,,,,,,
generalleadership.com,,,,,,
commandperformanceleadership.wordpress.com,,,,,,
bemissioncapable.com,,,,,,
carryingthegun.com,,,,,,
foreign-intrigue.com,,,,,,
philwalter1058.com,,,,,,
blogs.hbr.org,,,,,,
www.fastcompany.com,,,,,,
www.duffelblog.com,,,,,,
www.militaryaerospace.com,,,,,,
www.military.com,,,,,,
defensesystems.com,,,,,,
www.defencetalk.com,,,,,,
cotsjournalonline.com,,,,,,
www.naval-technology.com,,,,,,
www.navyrecognition.com,,,,,,
www.defensenews.com,,,,,,
defense-update.com,,,,,,
www.spacewar.com,,,,,,
www.popularmechanics.com,,,,,,
defence-blog.com,,,,,,
www.businessinsider.com,,,,,,
www.realcleardefense.com,,,,,,
www.nationaldefensemagazine.org,,,,,,
breakingdefense.com,,,,,,
www.defensemedianetwork.com,,,,,,
www.popsci.com,,,,,,
www.dodlive.mil,,,,,,
welcomehomeblog.com,,,,,,
defence-blog.com,,,,,,
chinadigitaltimes.net,,,,,,
amrel.com,,,,,,
www.chinatoday.com,,,,,,
www.janes.com,,,,,,
blogs.360.cn,,,,,,
www.csmonitor.com,,,,,,
www.justice.gov,,,,,,
news.abs-cbn.com,,,,,,
publicintelligence.net,,,,,,
www.fireeye.com,,,,,,
www.news18.com,,,,,,
www.worldpoliticsreview.com,,,,,,
supremepeoplescourtmonitor.com,,,,,,
www.icrc.org,,,,,,
www.mercurynews.com,,,,,,
eurasianet.org,,,,,,
www.haguelawblog.com,,,,,,
defense-and-freedom.blogspot.com,,,,,,
thehill.com,,,,,,
china-defense.blogspot.com,,,,,,
www.usni.org,,,,,,
www.popsci.com,,,,,,
militarywatchmagazine.com,,,,,,
dmna.ny.gov,,,,,,
www.tinker.af.mil,,,,,,
taskandpurpose.com,,,,,,
www.rcaf-arc.forces.gc.ca,,,,,,
www.dodlive.mil,,,,,,
www.army.gov.au,,,,,,
www.centcom.mil,,,,,,
www.nationalguard.mil,,,,,,
thestrategybridge.org,,,,,,
usmilitary.com,,,,,,
groundedcuriosity.com,,,,,,
turkishnavy.net,,,,,,
3x5leadership.com,,,,,,
eebenbarlowsmilitaryandsecurityblog.blogspot.com,,,,,,
www.indianmilitary.info,,,,,,
www.dodreads.com,,,,,,
www.caaflog.com,,,,,,
www.eaglespeak.us,,,,,,
formerspook.blogspot.com,,,,,,
russiamil.wordpress.com,,,,,,
thisainthell.us,,,,,,
sofrep.com,,,,,,
www.informationdissemination.net,,,,,,
www.onemarinesview.com,,,,,,
bouhammer.com,,,,,,
skulshrestha.net,,,,,,
bourbonandbattles.com,,,,,,
globalmjreform.blogspot.in,,,,,,
www.thinkdefence.co.uk,,,,,,
eng.mod.gov.cn,,,,,,
chinafocus.ucsd.edu,,,,,,
www.realcleardefense.com,,,,,,
chinesemilitaryreview.blogspot.com,,,,,,
mil-embedded.com,,,,,,
www.aei.org,,,,,,
www.schneier.com,,,,,,
blogs.lse.ac.uk,,,,,,
placornerblog.wordpress.com,,,,,,
www.thenewatlantis.com,,,,,,
russianmilitaryanalysis.wordpress.com,,,,,,
www.china-defense.com,,,,,,
timesofindia.indiatimes.com,,,,,,
blogsofwar.com,,,,,,
intelnews.org,,,,,,
www.symantec.com,,,,,,
covertcontact.com,,,,,,
carnegieendowment.org,,,,,,
www.stripes.com,,,,,,
keia.org,,,,,,
southkoreanmilitary.blogspot.com,,,,,,
www.wthr.com,,,,,,
www.nme.com,,,,,,
www.reuters.com,high,,,,,
www.breitbart.com,,,,,,
www.theatlantic.com,,,,,,
www.newyorker.com,,,,,,
www.nationalreview.com,,,,,,
www.motherjones.com,,,,,,
reason.com,,,,,,
theweek.com,,,,,,
www.thenation.com,,,,,,
harpers.org,,,,,,
www.independent.org,,,,,,
newrepublic.com,,,,,,
prospect.org,,,,,,
www.thesunmagazine.org,,,,,,
washingtonmonthly.com,,,,,,
washingtonspectator.org,,,,,,
world.wng.org,,,,,,
inthesetimes.com,,,,,,
www.washingtonexaminer.com,,,,,,
www.saturdayeveningpost.com,,,,,,
www.usmagazine.com,,,,,,
www.bjreview.com,,,,,,
www.drudgereportarchives.com,,,,,,
www.wired.com,,,,,,
www.forbes.com,,,,,,
www.bloomberg.com,,,,,,
www.entrepreneur.com,,,,,,
fortune.com,,,,,,
www.inc.com,,,,,,
www.fastcompany.com,,,,,,
www.americasquarterly.org,,,,,,
www.nybooks.com,,,,,,
longform.org,,,,,,
www.theparisreview.org,,,,,,
zcomm.org,,,,,,
www.washingtonexaminer.com,,,,,,
utahstories.com,,,,,,
townhall.com,,,,,,
www.streetwise.org,,,,,,
slate.com,,,,,,
www.salon.com,,,,,,
crimethinc.com,,,,,,
progressive.org,,,,,,
www.newsmax.com,,,,,,
www.newsweek.com,,,,,,
www.infowars.com,,,,,,
newpol.org,,,,,,
www.thenewamerican.com,,,,,,
nationalinterest.org,,,,,,
www.helvidius.org,,,,,,
jacobinmag.com,,,,,,
www.jacobinmag.com,,,,,,
www.independent.org,,,,,,
humanevents.com,,,,,,
harvardpolitics.com,,,,,,
www.dissentmagazine.org,,,,,,
www.currentaffairs.org,,,,,,
www.counterpunch.org,,,,,,
www.commentarymagazine.com,,,,,,
www.chroniclesmagazine.org,,,,,,
www.columbusmonthly.com,,,,,,
www.chicagoreporter.com,,,,,,
www.city-journal.org,,,,,,
www.theblaze.com,,,,,,
www.ebar.com,,,,,,
thebaffler.com,,,,,,
spectator.org,,,,,,
www.the-american-interest.com,,,,,,
www.theamericanconservative.com,,,,,,
www.theweek.co.uk,,,,,,
www.spectator.co.uk,,,,,,
www.bigissue.com,,,,,,
www.rebelnews.ie,,,,,,
www.worldsocialism.org,,,,,,
standpointmag.co.uk,,,,,,
www.redpepper.org.uk,,,,,,
www.prospectmagazine.co.uk,,,,,,
www.newstatesman.com,,,,,,
newint.org,,,,,,
monocle.com,,,,,,
cryptome.org,,,,,,
covertactionmagazine.com,,,,,,
larouchepub.com,,,,,,
sthelepress.com,,,,,,
totalwonkerr.net,,,,,,
roboteconomist.blogspot.com,,,,,,
beyondparallel.csis.org,,,,,,
fivethirtyeight.com,,,,,,
www.scotusblog.com,,,,,,
www.aljazeera.com,,,,,,
www.lowyinterpreter.org,,,,,,
theintercept.com,,,,,,
www.propublica.org,,,,,,
bleacherreport.com,,,,,,
www.espn.com,,,,,,
www.oprah.com,,,,,,
nucleardiner.wordpress.com,,,,,,
www.popehat.com,,,,,,
www.groklaw.net,,,,,,
www.foreignaffairs.com,,,,,,
www.techdirt.com,,,,,,
www.overlawyered.com,,,,,,
www.nlg.org,,,,,,
www.samizdata.net,,,,,,
www.lewrockwell.com,,,,,,
www.scientificamerican.com,,,,,,
www.federalregister.gov,ban,,,,,
preview.independent.co.uk,ban,,,,,
nkleadershipwatch.wordpress.com,ban,,,,,
cache.nknews.org,ban,,,,,
developer.nknews.org,ban,,,,,
mobile.reuters.com,ban,,,,,
adamcathcart.com,,,,,,
intpolicydigest.org,,,,,,
ekurd.net,,,,,,
listindiario.com,,,,,,
mwi.usma.edu,,,,,,
thestrategybridge.org,,,,,,
fortunascorner.com,,,,,,
finabel.org,,,,,,
www.armyupress.army.mil,,,,,,
archinect.com,,,,,,
mil-embedded.com,,,,,,
tnsr.org,,,,,,
soldiersandcivilization.com,,,,,,
chesterfieldstrategy.com,,,,,,
commandperformanceleadership.wordpress.com,,,,,,
smallwarsjournal.com,,,,,,
international-review.org,,,,,,
militarylegitimacyreview.com,,,,,,
katehon.com,,,,,,
glenngreenwald.blogspot.com,,,,,,
townhall.com,,,,,,
theasiadialogue.com,,,,,,
forbinfull.org,,,,,,
intheswamp.wordpress.com,,,,,,
drbenjaminhabib.com,,,,,,
soranews24.com,,,,,,
vancouversun.com,,,,,,
calgaryherald.com,,,,,,
viewfromll2.com,,,,,,
abandonedkansai.com,,,,,,
govbooktalk.gpo.gov,,,,,,
chicagoalbasolidarity.wordpress.com,,,,,,
vtncankor.wordpress.com,,,,,,
whyevolutionistrue.wordpress.com,,,,,,
deutsch29.wordpress.com,,,,,,
www.theaustralian.com.au,,,,,,
fox8.com,,,,,,
leonidpetrov.wordpress.com,,,,,,
circlesandsquares.asia,,,,,,
volcanohotspot.wordpress.com,,,,,,
icsdelhiblogs.wordpress.com,,,,,,
asiansecurityblog.wordpress.com,,,,,,
cbschazenstudenttravel.wordpress.com,,,,,,
matisak.wordpress.com,,,,,,
nkreports.com,,,,,,
nkoreacommunication.wordpress.com,,,,,,
mrspeabodyinvestigates.wordpress.com,,,,,,
chicago.suntimes.com,,,,,,
danieljmitchell.wordpress.com,,,,,,
blackamericaweb.com,,,,,,
theasiadialogue.com,,,,,,
fox4kc.com,,,,,,
wgnradio.com,,,,,,
unredacted.com,,,,,,
q13fox.com,,,,,,
business.financialpost.com,,,,,,
kfor.com,,,,,,
www.peaceaction.org,,,,,,
deadline.com,,,,,,
variety.com,,,,,,
www.news.com.au,,,,,,
hollywoodlife.com,,,,,,
sustainabilitywriter.wordpress.com,,,,,,
thenextrecession.wordpress.com,,,,,,
kislingjeff.wordpress.com,,,,,,
aesengagement.wordpress.com,,,,,,
www.whimn.com.au,,,,,,
iwandered.net,,,,,,
orwellsocietyblog.wordpress.com,,,,,,
www.vox.com,,,,,,
montrealgazette.com,,,,,,
againstnuclearterror.wordpress.com,,,,,,
markturrell.wordpress.com,,,,,,
wsvn.com,,,,,,
world.time.com,,,,,,
time100.time.com,,,,,,
security.blogs.cnn.com,,,,,,
vtncankor.wordpress.com,,,,,,
danieljmitchell.wordpress.com,,,,,,
bizgovsociii.wordpress.com,,,,,,
songjiyoung.wordpress.com,,,,,,
justiceinconflict.org,,,,,,
nuclearrisk.wordpress.com,,,,,,
birdingbeijing.com,,,,,,
www.oxfordresearchgroup.org.uk,,,,,,
pugwash.org,,,,,,
alexcoxfilms.wordpress.com,,,,,,
russianmilitaryanalysis.wordpress.com,,,,,,
richardfalk.wordpress.com,,,,,,
dispatchesfromtheedgeblog.wordpress.com,,,,,,
ngocdps.wordpress.com,,,,,,
dansmithsblog.com,,,,,,
inzanetimes.wordpress.com,,,,,,
deusexatomica.wordpress.com,,,,,,
lajicarita.wordpress.com,,,,,,
mariannewildart.wordpress.com,,,,,,
ruwanthikagunaratne.wordpress.com,,,,,,
irtodayblog.wordpress.com,,,,,,
ianjsinclair.wordpress.com,,,,,,
alantonelson.wordpress.com,,,,,,
mccottawaoffice.wordpress.com,,,,,,
paxsims.wordpress.com,,,,,,
patrickjuli.us,,,,,,
turkeywonk.wordpress.com,,,,,,
williamspaniel.com,,,,,,
russiamil.wordpress.com,,,,,,
paulingblog.wordpress.com,,,,,,
joansrome.wordpress.com,,,,,,
worldaffairscharlotte.wordpress.com,,,,,,
midtifleisen.wordpress.com,,,,,,
ifitbenotnow.wordpress.com,,,,,,
russianmilitaryanalysis.wordpress.com,,,,,,
peaceandhealthblog.com,,,,,,
quintessentialruminations.wordpress.com,,,,,,
intlibecosoc.wordpress.com,,,,,,
ruwanthikagunaratne.wordpress.com,,,,,,
decolonialatlas.wordpress.com,,,,,,
aleteia.org,,,,,,
kysdc.com,,,,,,
jamespetersnell.wordpress.com,,,,,,
ipowerrichmond.com,,,,,,
alantonelson.wordpress.com,,,,,,
hollywoodlife.com,,,,,,
www.theaustralian.com.au,,,,,,
955thelou.com,,,,,,
woldcnews.com,,,,,,
calgaryherald.com,,,,,,
kyleorton1991.wordpress.com,,,,,,
chicago.suntimes.com,,,,,,
matisak.wordpress.com,,,,,,
skeptic78240.wordpress.com,,,,,,
tiananmenstremendousachievements.wordpress.com,,,,,,
myhoustonmajic.com,,,,,,
benjaminrosshoffman.com,,,,,,
www.lesswrong.com,,,,,,
www.osservatoreromano.va,,,,,,
www.vaticannews.va,,,,,,
www.theonion.com,,,,,,
deadspin.com,,,,,,
gizmodo.com,,,,,,
jalopnik.com,,,,,,
jezebel.com,,,,,,
kotaku.com,,,,,,
www.theroot.com,,,,,,
thetakeout.com,,,,,,
www.clickhole.com,,,,,,
splinternews.com,,,,,,
news.avclub.com,,,,,,
dprkorea.un.org,,,,,,
telegraph.co.uk,high,,,,,
cdc.gov,high,us,en,,,
news.un.org,high,un,en,,,
redcross.org,high,us,en,,,
www.spiegel.de,,,,,,
www.spiegel.de,,,,,,
www.spiegel.de,,,,,,
www.spiegel.de,,,,,,
www.spiegel.de,,,,,,
www.spiegel.de,,,,,,
www.spiegel.de,,,,,,
www.spiegel.de,,,,,,
www.spiegel.de,,,,,,
www.spiegel.de,,,,,,
www.spiegel.de,,,,,,
www.spiegel.de,,,,,,
www.spiegel.de,,,,,,
www.spiegel.de,,,,,,
www.spiegel.de,,,,,,
www.sueddeutsche.de,,,,,,
www.welt.de,,,,,,
www.peninsularity.com,,,,,,
www.aftonbladet.se,,,,,,
www.expressen.se,,,,,,
www.tagesspiegel.de,,,,,,
www.tagesspiegel.de,,,,,,
www.focus.de,,,,,,
www.nzz.ch,,,,,,
www.berlingske.dk,,,,,,
www.moz.de,,,,,,
www.faz.net,,,,,,
borsen.dk,,,,,,
www.berlinale.de,,,,,,
www.ksta.de,,,,,,
jyllands-posten.dk,,,,,,
borsen.dk,,,,,,
www.sydsvenskan.se,,,,,,
taz.de,,,,,,
nyheder.tv2.dk,,,,,,
www.spiegel.de,,,,,,
www.morgenpost.de,,,,,,
borkweb.com,,,,,,
www.nwzonline.de,0,531023934.html,,,,
www.atl.nu,,,,,,
portals.clio.me,,,,,,
www.toytowngermany.com,,,,,,
www.nordkorea-info.de,,,,,,
www.akg-images.de,,,,,,
prezi.com,,,,,,
www.bt.dk,,,,,,
www.mopo.de,,,,,,
www.allmystery.de,,,,,,
www.stern.de,,,,,,
markosun.wordpress.com,,,,,,
thenakedlistener.wordpress.com,,,,,,
www.alamy.de,,,,,,
blog.jinbo.net,,,,,,
www.politplatschquatsch.com,,,,,,
motuspnyxe.wordpress.com,,,,,,
www.bimmerfest.com,,,,,,
beltwild.blogspot.com,,,,,,
www.kaninchenforum.de,,,,,,
viral.watson.de,,,,,,
rl2018.interfilmberlin.de,,,,,,
www.banyongjiu6.com,,,,,,
www.gdyungen.com,,,,,,
www.epochtimes.com,,,,,,
news.cri.cn,,,,,,
www.criday.com,,,,,,
5ch.live,,,,,,
5ch.live,,,,,,
2ch.review,,,,,,
specificasia2.blog12.fc2.com,,,,,,
specificasia.blog.jp,,,,,,
jp.yna.co.kr,,,,,,
www.bbc.com,,,,,,
live-tv.info,,,,,,
www.letelegramme.fr,,,,,,
www.nouvelobs.com,,,,,,
scaphelico.typepad.com,,,,,,
topinambours.over-blog.com,,,,,,
www.vice.com,,,,,,
www.courrierinternational.com,,,,,,
myprivacy.dpgmedia.be,,,,,,
www.lesinrocks.com,,,,,,
www.alamyimages.fr,,,,,,
www.alamyimages.fr,,,,,,
www.djazairess.com,,,,,,
www.terresacree.org,,,,,,
fr.usefulncool.com,,,,,,
lnt.ma,,,,,,
www.forumfr.com,,,,,,
jenormeg.canalblog.com,,,,,,
www.infobae.com,,,,,,
elpais.com,,,,,,
www.laverdad.es,,,,,,
tabernaliberal.blogspot.com,,,,,,
www.larioja.com,,,,,,
www.cronica.com.mx,,,,,,
www.meneame.net,,,,,,
www.meneame.net,,,,,,
www.eldiario.ec,,,,,,
maikelnai.naukas.com,,,,,,
kuroko-lyonhead.blogspot.com,,,,,,
www.vix.com,,,,,,
desarrolloydefensa.blogspot.com,,,,,,
www.elmundo.es,,,,,,
www.teinteresa.es,,,,,,
www.americaeconomia.com,,,,,,
www.alamy.es,,,,,,
www.taringa.net,,,,,,
archivo.urgente24.com,,,,,,
www.semana.com,,,,,,
www.20minutos.es,,,,,,
teratologiaconspiratoria.blogspot.com,,,,,,
petardasypedorros.blogspot.com,,,,,,
debates.motos.coches.net,,,,,,
www.minutouno.com,,,,,,
divertidaciencia.blogspot.com,,,,,,
www.mimundoanimal.net,,,,,,
www.elece.net,,,,,,
gente-increible.blogspot.com,,,,,,
historiafilosofia2016.blogspot.com,,,,,,
blogs.publico.es,,,,,,
unmoterosolitario.blogspot.com,,,,,,
rebeldedelsur.blogspot.com,,,,,,
asitalmundobotija.wordpress.com,,,,,,
desarrolloydefensa.blogspot.com,,,,,,
themusic.com.au,,,,,,
www.alamy.com,,,,,,
www.cheatsheet.com,,,,,,
foreignpolicy.com,,,,,,
www.news18.com,,,,,,
www.gettyimages.com,,,,,,
www.nzherald.co.nz,,,,,,
www.al6400.com,,,,,,
www.thejournal.ie,,,,,,
www.independent.com.mt,,,,,,
www.neatorama.com,,,,,,
adamant.typepad.com,,,,,,
chrisdolley.livejournal.com,,,,,,
br.pinterest.com,,,,,,
thecarnivoreproject.typepad.com,,,,,,
terryorisms.com,,,,,,
www.smokymountainnews.com,,,,,,
boingboing.net,,,,,,
worldnewstrust.com,,,,,,
artsreview.com.au,,,,,,
www.abovetopsecret.com,,,,,,
artdiamondblog.com,,,,,,
www.washingtonexaminer.com,,,,,,
thebrag.com,,,,,,
thepeoplescube.com,,,,,,
www.mirror.co.uk,,,,,,
abcnews.go.com,,,,,,
www.dw.com,,,,,,
www.seattletimes.com,,,,,,
www.wired.com,,,,,,
www.theregister.co.uk,,,,,,
www.rfa.org,,,,,,
news.bbc.co.uk,,,,,,
www.smh.com.au,,,,,,
www.vice.com,,,,,,
gawker.com,,,,,,
www.post-gazette.com,,,,,,
www.npr.org,,,,,,
worldmapper.org,,,,,,
www.businessinsider.com,,,,,,
www.foxnews.com,3566,243221,00.html,,,
www.bonappetit.com,,,,,,
tucson.com,,,,,,
11points.com,,,,,,
science.slashdot.org,,,,,,
english.ohmynews.com,,,,,,
reuters.screenocean.com,,,,,,
nypost.com,,,,,,
www.chicagotribune.com,,,,,,
www.newser.com,,,,,,
noorslist.wordpress.com,,,,,,
www.hoax-slayer.net,,,,,,
www.nkeconwatch.com,,,,,,
www.expatica.com,,,,,,
cityhubsydney.com.au,,,,,,
www.takimag.com,,,,,,
rayanworld.com,,,,,,
www.socawarriors.net,,,,,,
the-mound-of-sound.blogspot.com,,,,,,
www.berlinale.de,,,,,,
www.zimbio.com,,,,,,
www.broadwayworld.com,,,,,,
www.roblox.com,,,,,,
shirin.mit.edu,,,,,,
schema-root.org,,,,,,
www.sott.net,,,,,,
www.newsru.com,,,,,,
www.topnews.ru,,,,,,
softhostzazz.wixsite.com,,,,,,
news.myseldon.com,,,,,,
www.brik.org,,,,,,
www.voakorea.com,,,,,,
usabriefing.net,,,,,,
news.chosun.com,,,,,,
blog.daum.net,,,,,,
m.blog.daum.net,,,,,,
gall.dcinside.com,,,,,,
egloos.zum.com,,,,,,
extmovie.com,,,,,,
ko.usefulncool.com,,,,,,
egloos.zum.com,,,,,,
m.blog.naver.com,,,,,,
www.startimes.com,,,,,,
tefanet.info,,,,,,
f.zira3a.net,,,,,,
www.mekshat.com,,,,,,
www.dorar-aliraq.net,,,,,,
alshareeff.ahlamontada.com,,,,,,
www.addustour.com,,,,,,
www.mazra3a.net,,,,,,
www.ahlalanbar.net,,,,,,
httpcreachmichelblog.wordpress.com,,,,,,
3rabpedia.com,,,,,,
www.makorrishon.co.il,,,,,,
www.telegraph.co.uk,,,,,,
www.telegraph.co.uk,,,,,,
www.elmundo.es,,,,,,
www.abc.es,,,,,,
www.alamy.es,,,,,,
www.teinteresa.es,,,,,,
www.laopiniondezamora.es,,,,,,
www.alamy.com,,,,,,
www.dw.com,,,,,,
www.businessinsider.com,,,,,,
www.gettyimages.de,,,,,,
www.moz.de,,,,,,
